[
  {
    "title": "To-do 1",
    "id": 1,
    "description": "delectus aut autem",
    "completed": false
  },
  {
    "title": "To-do 2",
    "id": 2,
    "description": "quis ut nam facilis et officia qui",
    "completed": false
  },
  {
    "title": "To-do 3",
    "id": 3,
    "description": "fugiat veniam minus",
    "completed": false
  },
  {
    "title": "To-do 4",
    "id": 4,
    "description": "et porro tempora",
    "completed": true
  },
  {
    "title": "To-do 5",
    "id": 5,
    "description": "laboriosam mollitia et enim quasi adipisci quia provident illum",
    "completed": false
  },
  {
    "title": "To-do 6",
    "id": 6,
    "description": "qui ullam ratione quibusdam voluptatem quia omnis",
    "completed": false
  },
  {
    "title": "To-do 7",
    "id": 7,
    "description": "illo expedita consequatur quia in",
    "completed": false
  },
  {
    "title": "To-do 8",
    "id": 8,
    "description": "quo adipisci enim quam ut ab",
    "completed": true
  },
  {
    "title": "To-do 9",
    "id": 9,
    "description": "molestiae perspiciatis ipsa",
    "completed": false
  },
  {
    "title": "To-do 10",
    "id": 10,
    "description": "illo est ratione doloremque quia maiores aut",
    "completed": true
  },
  {
    "title": "To-do 11",
    "id": 11,
    "description": "vero rerum temporibus dolor",
    "completed": true
  },
  {
    "title": "To-do 12",
    "id": 12,
    "description": "ipsa repellendus fugit nisi",
    "completed": true
  },
  {
    "title": "To-do 13",
    "id": 13,
    "description": "et doloremque nulla",
    "completed": false
  },
  {
    "title": "To-do 14",
    "id": 14,
    "description": "repellendus sunt dolores architecto voluptatum",
    "completed": true
  },
  {
    "title": "To-do 15",
    "id": 15,
    "description": "ab voluptatum amet voluptas",
    "completed": true
  },
  {
    "title": "To-do 16",
    "id": 16,
    "description": "accusamus eos facilis sint et aut voluptatem",
    "completed": true
  },
  {
    "title": "To-do 17",
    "id": 17,
    "description": "quo laboriosam deleniti aut qui",
    "completed": true
  },
  {
    "title": "To-do 18",
    "id": 18,
    "description": "dolorum est consequatur ea mollitia in culpa",
    "completed": false
  },
  {
    "title": "To-do 19",
    "id": 19,
    "description": "molestiae ipsa aut voluptatibus pariatur dolor nihil",
    "completed": true
  },
  {
    "title": "To-do 20",
    "id": 20,
    "description": "ullam nobis libero sapiente ad optio sint",
    "completed": true
  }
]